epoch,time,train/loss,metrics/accuracy_top1,metrics/accuracy_top5,val/loss,lr/pg0,lr/pg1,lr/pg2
1,1.46612,2.4814,0.0375,0.475,2.32166,2.856e-05,2.856e-05,2.856e-05
2,3.15573,2.68934,0.0375,0.4125,2.3204,6.36238e-05,6.36238e-05,6.36238e-05
3,4.50537,2.47747,0.0875,0.4875,2.31144,9.79808e-05,9.79808e-05,9.79808e-05
4,6.07401,2.34827,0.1,0.6375,2.29311,0.000131631,0.000131631,0.000131631
5,7.74003,2.2304,0.2375,0.7375,2.26171,0.000164574,0.000164574,0.000164574
