epoch,time,train/loss,metrics/accuracy_top1,metrics/accuracy_top5,val/loss,lr/pg0,lr/pg1,lr/pg2
1,1.45263,2.4814,0.0375,0.475,2.32166,2.856e-05,2.856e-05,2.856e-05
2,3.20669,2.68934,0.0375,0.4125,2.3204,6.36238e-05,6.36238e-05,6.36238e-05
3,4.62203,2.47747,0.0875,0.4875,2.31144,9.79808e-05,9.79808e-05,9.79808e-05
